Stylish Silhouettes,+47577330999,Pakistan,32659₽,32659₽
Sophisticated Sewing,+89541054310,Guinea,53310₽,53310₽
Chic Boutique,+89162913110,Kenya,68028₽,68028₽
Trendsetting Tailors,+53681284229,Bhutan,37157₽,37157₽
Chic Boutique,+1111242337,Turkmenistan,36278₽,36278₽
Brow Boosters,+1221778681,United States of America,66119₽,66119₽
Fashion Forward,+53313112902,United Kingdom,52220₽,52220₽
Fine Fabrics,+50280744551,Turkmenistan,57327₽,57327₽
Sophisticated Sewing,+19748705357,Palau,44247₽,44247₽
Nail Nook,+79293581648,Myanmar (Burma),32564₽,32564₽
Urban Upmarket,+66386303316,Djibouti,92098₽,92098₽
Urban Upmarket,+61350439086,Syria,94742₽,94742₽
Chic Couture,+33451746142,Cape Verde,44176₽,44176₽
Elite Elegance,+95523414965,"Congo, Democratic Republic of the",77683₽,77683₽
Posh Patterns,+40603296569,Italy,99731₽,99731₽
Glow Getter,+1418624649,Albania,39831₽,39831₽
Elegant Ensembles,+75465094978,Guinea,47035₽,47035₽
Fashion Fusion,+28443800614,"Korea, North",11108₽,11108₽
Chic Couture,+71867514569,Tajikistan,66991₽,66991₽
Refined Rags,+4344725245,Georgia,97321₽,97321₽
Glow Getter,+25135286805,Zambia,50712₽,50712₽
Chic Couture,+7617229209,Burkina Faso,30543₽,30543₽
Stylish Silhouettes,+36888288386,Madagascar,12092₽,12092₽
Elite Elegance,+73133591831,Vanuatu,32913₽,32913₽
Modish Mannequins,+16895063029,Liechtenstein,87491₽,87491₽
Clipper Cuts,+6646319118,Denmark,88246₽,88246₽
Posh Patterns,+68288089216,Venezuela,56979₽,56979₽
Body Bliss,+37210750437,South Sudan,84008₽,84008₽
Stellar Stitches,+32495548807,Solomon Islands,76769₽,76769₽
Chic Boutique,+62548423166,Uruguay,40420₽,40420₽
Beauty Bar,+64406120216,Papua New Guinea,61040₽,61040₽
Refined Rags,+71519973607,Netherlands,96004₽,96004₽
Modish Mannequins,+86481598042,Cuba,27895₽,27895₽
Stellar Stitches,+61141975240,Paraguay,30890₽,30890₽
Classy Collections,+31555302106,Netherlands,25790₽,25790₽
Beauty Bar,+10310020604,Benin,32249₽,32249₽
Stylish Silhouettes,+11354785529,Fiji,53107₽,53107₽
Refined Rags,+14571127996,Chad,47993₽,47993₽
Sophisticated Sewing,+44474071066,Monaco,16792₽,16792₽
Glamour Galore,+5614896429,Taiwan,27826₽,27826₽
Chic Boutique,+47342941413,Turkmenistan,26895₽,26895₽
Clipper Cuts,+10157679652,Nauru,21001₽,21001₽
Trendy Threads,+24300082513,Jordan,89651₽,89651₽
Stylish Silhouettes,+55610983159,Lesotho,10745₽,10745₽
Nail Nook,+44345184961,Brazil,85512₽,85512₽
Haute Hues,+1709779524,Bahrain,74669₽,74669₽
Modern Maven,+37247480697,Turkey,74000₽,74000₽
Trendsetting Tailors,+28371022093,Ethiopia,24072₽,24072₽
Refined Rags,+77767190925,Guatemala,55221₽,55221₽
Fine Fabrics,+78907945343,Mongolia,22424₽,22424₽
Wellness World,+78149136358,Switzerland,42775₽,42775₽
Lash Lounge,+73687010563,Papua New Guinea,18098₽,18098₽
Stellar Stitches,+30539400160,Liechtenstein,77754₽,77754₽
Sleek Styles,+9719637430,Vietnam,87624₽,87624₽
Chic Boutique,+46389084887,Mauritius,75206₽,75206₽
Salon Suites,+48802354238,Barbados,24762₽,24762₽
Body Bliss,+87680478463,Saint Vincent and the Grenadines,93781₽,93781₽
Lash Lounge,+27547566363,Sri Lanka,95205₽,95205₽
Brow Boosters,+51887988536,Sao Tome and Principe,93217₽,93217₽
Fashion Forward,+76727596880,Comoros,40598₽,40598₽
Beauty Bar,+2135758224,Mali,76233₽,76233₽
Wellness World,+22452865517,Finland,60766₽,60766₽
Trendy Threads,+3197727345,"Congo, Democratic Republic of the",85947₽,85947₽
Refined Rags,+2085296118,United Kingdom,54312₽,54312₽
Fashion Forward,+87837571222,Germany,82334₽,82334₽
Lash Lounge,+71899726498,Denmark,12457₽,12457₽
Clipper Cuts,+6418481279,Georgia,13817₽,13817₽
Body Bliss,+82482311644,Norway,74050₽,74050₽
Stellar Stitches,+34225591999,Bolivia,32498₽,32498₽
Trendy Threads,+42834317709,Malta,90556₽,90556₽
Modish Mannequins,+75723950493,Luxembourg,97247₽,97247₽
Chic Couture,+95142671731,Switzerland,64188₽,64188₽
Classy Collections,+9234082566,Nicaragua,50145₽,50145₽
Glow Getter,+37806969436,Niger,32661₽,32661₽
Stellar Stitches,+18500968670,Botswana,22108₽,22108₽
Trendy Threads,+42508355153,Austria,93580₽,93580₽
